id,name,email,age,salary,phone,address,created_date
1,Robert,user1@email.com,65.0,40247.02,4122602446,5529 Main St,2021-05-28
2,Sarah,user2@email.com,35.0,154187.92,4131218888,2072 Main St,2022-03-04
3,Robert,user3@email.com,37.0,112462.57,5641801431,,2022-01-24
4,Jane,user4@email.com,31.0,182410.14,2931944237,825 Main St,2022-05-23
5,Michael,user5@email.com,24.0,48440.07,4921367210,6175 Main St,2021-11-30
6,Robert,user6@email.com,20.0,,5303086934,4328 Main St,2020-05-12
7,Jane,user7@email.com,35.0,79076.41,7975779923,5804 Main St,2021-06-13
8,Emily,user8@email.com,78.0,104181.12,2733876654,4368 Main St,2021-07-16
9,John,user9@email.com,53.0,130011.1,8223191107,8347 Main St,2023-03-05
10,David,user10@email.com,38.0,91366.0,6411448966,7969 Main St,2022-10-13
11,Jane,user11@email.com,24.0,107045.38,2810450961,8842 Main St,2021-10-10
12,Michael,user12@email.com,75.0,79464.05,4194301579,8251 Main St,2021-02-08
13,David,user13@email.com,43.0,,9341498087,,2023-01-26
14,David,user14@email.com,73.0,103367.19,1863674700,1737 Main St,2021-06-29
15,James,user15@email.com,59.0,56853.3,6223912609,7763 Main St,2021-03-16
16,Lisa,user16@email.com,32.0,96310.41,6716185172,3250 Main St,2021-02-26
17,,user17@email.com,58.0,39244.46,4648740453,,2022-11-10
18,Jane,user18@email.com,30.0,94596.81,4449914259,1353 Main St,2023-02-15
19,Michael,user19@email.com,43.0,129416.62,4202479082,2573 Main St,2020-11-18
20,Emily,user20@email.com,25.0,199775.2,6830701923,8008 Main St,2023-01-26
21,Sarah,user21@email.com,60.0,71850.72,9352555942,3232 Main St,2022-09-01
22,John,user22@email.com,22.0,173318.48,6896745804,4993 Main St,2022-01-14
23,James,user23@email.com,47.0,100895.25,1900677142,605 Main St,2020-03-15
24,John,user24@email.com,43.0,108358.4,2216810597,3241 Main St,2023-06-03
25,Lisa,user25@email.com,60.0,-1000.0,7378035612,8071 Main St,2023-02-08
26,David,user26@email.com,75.0,169832.48,7253588159,7797 Main St,2021-09-13
27,Michael,,63.0,63779.9,1688976113,9038 Main St,2021-05-07
28,James,user28@email.com,72.0,129181.99,2831809085,3875 Main St,2020-12-06
29,Jennifer,user29@email.com,54.0,89575.48,8834166302,4787 Main St,2023-11-24
30,John,user30@email.com,78.0,93485.12,1126457695,9542 Main St,2022-07-20
31,Robert,user31@email.com,56.0,128189.18,7063420439,1785 Main St,2020-01-21
32,Emily,user32@email.com,59.0,191911.05,7666055311,512 Main St,2021-08-30
33,Robert,user33@email.com,43.0,43984.65,6788346205,376 Main St,2022-05-11
34,John,user34@email.com,32.0,107263.33,3505201114,4336 Main St,2021-09-10
35,Jane,user35@email.com,41.0,192796.05,123,7345 Main St,2023-03-30
36,John,user36@email.com,31.0,183554.09,123,8604 Main St,2021-10-22
37,Jane,user37@email.com,49.0,165954.05,5969606376,7444 Main St,2020-04-07
38,John,user38@email.com,67.0,140042.3,8144441393,692 Main St,2021-12-22
39,Sarah,user39@email.com,34.0,86584.95,7504258274,9566 Main St,2023-10-22
40,Michael,user40@email.com,24.0,154393.06,5950426374,2757 Main St,2020-09-12
41,James,user41@email.com,24.0,95876.12,invalid,,2023-12-16
42,Sarah,user42@email.com,66.0,143758.22,5283801762,8196 Main St,2021-08-19
43,Robert,user43@email.com,38.0,91294.74,9438036227,8056 Main St,2021-11-17
44,Lisa,user44@email.com,54.0,102609.64,8556235406,9040 Main St,2022-05-19
45,Sarah,user45@email.com,45.0,77493.45,4888802657,9050 Main St,2023-04-09
46,Michael,user46@email.com,55.0,65745.1,4976233079,8307 Main St,2021-06-21
47,Lisa,user47@email.com,18.0,173379.21,8930040679,381 Main St,2021-10-26
48,Emily,user48@email.com,57.0,154961.19,invalid,3304 Main St,2020-07-17
49,John,user49@email.com,53.0,-1000.0,6525145297,6897 Main St,2021-06-24
50,Emily,user50@email.com,43.0,45405.28,5307791962,4871 Main St,2021-07-26
51,Emily,,68.0,158250.54,6234548288,9006 Main St,2020-01-02
52,Lisa,user52@email.com,78.0,164615.08,3897253761,310 Main St,2020-02-16
53,Michael,user53@email.com,71.0,159191.9,7619586533,9685 Main St,2020-08-04
54,James,user54@email.com,78.0,148416.49,9837038430,7134 Main St,2022-01-03
55,Michael,user55@email.com,59.0,118215.97,6777683626,4769 Main St,2020-09-21
56,Jennifer,user56@email.com,46.0,47850.77,2372844883,8487 Main St,2020-12-06
57,Emily,user57@email.com,23.0,73299.52,invalid,7514 Main St,2023-02-04
58,John,user58@email.com,35.0,93468.17,6807354488,,2020-07-30
59,Lisa,user59@email.com,28.0,57119.54,1930720570,3604 Main St,2023-01-09
60,James,user60@email.com,61.0,137768.82,2542263089,4021 Main St,2022-01-12
61,Lisa,user61@email.com,56.0,87573.38,5870529030,1699 Main St,2023-02-06
62,James,user62@email.com,76.0,33137.67,8924776757,9455 Main St,2022-11-16
63,Jane,user63@email.com,26.0,,6574551086,6093 Main St,2021-05-15
64,David,user64@email.com,70.0,105270.97,5125685962,9262 Main St,2020-02-01
65,Jennifer,user65@email.com,61.0,36875.3,3675718995,4548 Main St,2022-07-24
66,Jane,user66@email.com,53.0,68220.89,8056497088,9404 Main St,2021-09-06
67,Michael,user67@email.com,47.0,146671.02,6653470632,3537 Main St,2020-02-03
68,,user68@email.com,76.0,178784.3,4993043784,1389 Main St,2022-04-28
69,John,user69@email.com,66.0,197642.09,2606496817,4929 Main St,2022-07-10
70,Michael,user70@email.com,48.0,112501.3,8776257087,9770 Main St,2023-11-20
71,John,user71@email.com,60.0,71227.78,5508581752,5574 Main St,2022-02-21
72,Lisa,user72@email.com,72.0,171767.73,5214574811,8302 Main St,2022-01-30
73,Sarah,user73@email.com,34.0,30884.89,2545307910,,2020-12-01
74,James,user74@email.com,51.0,31573.62,2122066874,6411 Main St,invalid-date
75,Robert,user75@email.com,80.0,39804.64,8248625629,658 Main St,2022-01-15
76,John,user76@email.com,42.0,72597.32,6201881154,472 Main St,2021-12-30
77,James,user77@email.com,26.0,102558.11,6453303332,,2021-04-24
78,James,user78@email.com,49.0,81337.91,1160135603,274 Main St,2021-03-11
79,John,user79@email.com,77.0,69345.14,7526467841,5042 Main St,2020-04-03
80,Jennifer,user80@email.com,68.0,43832.94,123,6853 Main St,2022-07-24
81,Michael,user81@email.com,51.0,40070.47,4592475198,,2020-04-01
82,David,user82@email.com,70.0,103584.11,5506522223,1824 Main St,2022-07-01
83,,user83@email.com,53.0,121542.84,8931708925,7135 Main St,2020-10-21
84,Lisa,user84@email.com,77.0,167570.9,8282433505,9327 Main St,2022-05-08
85,Michael,user85@email.com,70.0,189882.45,5011889571,5818 Main St,2023-06-14
86,Lisa,user86@email.com,46.0,163470.5,9479123396,5344 Main St,2021-07-26
87,Emily,user87@email.com,26.0,147354.66,3602169760,9478 Main St,2020-07-27
88,Jane,user88@email.com,25.0,95644.92,5670917457,,2023-11-17
89,Robert,user89@email.com,77.0,31897.78,2189169898,927 Main St,2023-11-05
90,Sarah,user90@email.com,70.0,195208.48,3932672653,5574 Main St,2020-10-25
91,Emily,user91@email.com,63.0,109979.22,2102204938,1106 Main St,2021-02-04
92,David,user92@email.com,46.0,91410.42,,1983 Main St,2022-12-06
93,Lisa,user93@email.com,30.0,80249.84,3075577590,8851 Main St,2020-04-05
94,Emily,user94@email.com,55.0,149521.47,1849424579,2167 Main St,2021-08-03
95,David,user95@email.com,61.0,173532.44,6744482915,4806 Main St,2022-09-05
96,John,user96@email.com,67.0,42119.82,2227672086,6364 Main St,2020-12-28
97,Jennifer,user97@email.com,64.0,155758.7,4123964053,4418 Main St,2021-03-13
98,John,user98@email.com,56.0,87358.4,7472433932,8877 Main St,2023-04-24
99,Lisa,user99@email.com,51.0,74768.21,4983545566,7461 Main St,2021-06-24
100,,user100@email.com,35.0,-1000.0,1779640683,8396 Main St,2020-12-04
101,James,user101@email.com,80.0,33493.6,7171871741,9344 Main St,2020-10-17
102,David,user102@email.com,18.0,100610.28,4173304773,1291 Main St,2020-10-07
103,Lisa,user103@email.com,45.0,32358.37,1074285561,886 Main St,2022-04-09
104,Robert,user104@email.com,18.0,134331.6,3627782713,7184 Main St,2021-05-13
105,Jennifer,user105@email.com,33.0,73123.91,6701901906,2352 Main St,invalid-date
106,Robert,user106@email.com,74.0,65612.17,9498508685,9882 Main St,2020-12-18
107,James,user107@email.com,31.0,156521.79,5328332500,5667 Main St,2021-08-01
108,James,user108@email.com,69.0,116430.77,2364661904,3769 Main St,2021-05-27
109,James,user109@email.com,53.0,-1000.0,3768155585,1079 Main St,2023-09-18
110,John,user110@email.com,67.0,,5801771344,3213 Main St,2021-02-15
111,Emily,user111@email.com,39.0,147085.55,8971664300,8294 Main St,2021-12-09
112,Sarah,,72.0,164494.45,8184829701,8611 Main St,2022-02-26
113,Robert,user113@email.com,52.0,67338.74,8510199988,5753 Main St,2023-09-20
114,Jane,user114@email.com,52.0,65400.95,2241746450,6442 Main St,2020-09-10
115,David,user115@email.com,74.0,51713.52,2571612853,921 Main St,2022-06-06
116,Jane,user116@email.com,58.0,134606.92,2725624067,7867 Main St,2023-05-05
117,,user117@email.com,32.0,186144.42,2848141850,8821 Main St,2021-01-05
118,David,user118@email.com,44.0,32723.22,8919950051,4355 Main St,2020-07-05
119,Emily,user119@email.com,26.0,192329.58,2087292012,4809 Main St,2021-10-21
120,John,user120@email.com,28.0,153278.83,5622592438,6300 Main St,2020-12-19
121,Emily,user121@email.com,42.0,67671.0,3260772698,8442 Main St,2023-04-05
122,Jennifer,user122@email.com,-1.0,131354.98,123,878 Main St,2022-06-05
123,John,user123@email.com,50.0,77177.24,7498989833,7944 Main St,2021-07-08
124,Michael,user124@email.com,36.0,110159.62,5613029982,9337 Main St,2021-04-01
125,John,,30.0,182304.54,3239790538,5950 Main St,2022-12-17
126,James,user126@email.com,34.0,156603.67,3351973263,1206 Main St,2021-07-25
127,Jane,user127@email.com,54.0,198380.67,9913852501,2650 Main St,2022-06-29
128,Emily,user128@email.com,19.0,51731.8,8405797853,5358 Main St,2023-06-13
129,Jennifer,user129@email.com,78.0,126228.92,5392173217,2143 Main St,2023-02-07
130,Lisa,,59.0,44218.55,3425462532,8772 Main St,2020-03-21
131,David,user131@email.com,21.0,160010.2,1132142413,7726 Main St,2021-11-10
132,James,user132@email.com,37.0,56518.19,4918849694,2055 Main St,2021-12-04
133,Jane,user133@email.com,61.0,172057.87,4791403407,4437 Main St,2023-10-01
134,David,user134@email.com,63.0,136132.41,9334275685,7221 Main St,2020-10-20
135,David,user135@email.com,31.0,185384.34,5282544615,3072 Main St,2023-03-09
136,Sarah,user136@email.com,46.0,169530.59,9497617584,1747 Main St,2020-12-09
137,Michael,user137@email.com,58.0,114679.55,2036325326,2798 Main St,2022-05-16
138,Emily,user138@email.com,57.0,32642.06,4638314876,8304 Main St,2022-08-31
139,John,user139@email.com,44.0,-1000.0,8172558136,8115 Main St,2022-08-13
140,Sarah,user140@email.com,59.0,144347.84,9829111995,2581 Main St,2021-12-03
141,Robert,user141@email.com,41.0,67164.7,1538669064,1142 Main St,2020-04-18
142,Jennifer,user142@email.com,76.0,67639.29,8427744497,6795 Main St,2023-10-10
143,Robert,user143@email.com,18.0,79284.66,3067936708,602 Main St,2022-08-23
144,,user144@email.com,69.0,145524.29,7678386479,4017 Main St,2023-01-11
145,John,user145@email.com,63.0,71611.62,2806999743,3839 Main St,2021-12-03
146,Robert,user146@email.com,36.0,,6851475555,830 Main St,2021-07-30
147,Jennifer,user147@email.com,54.0,99977.99,5287907615,768 Main St,2021-09-21
148,Lisa,user148@email.com,65.0,141826.57,9822129976,8314 Main St,2020-12-07
149,Jennifer,user149@email.com,78.0,36475.3,6477064913,3366 Main St,2022-05-06
150,Jane,user150@email.com,33.0,79756.57,3218998508,4679 Main St,2023-01-10
151,Lisa,user151@email.com,32.0,157438.85,9802387007,2830 Main St,2021-06-21
152,Michael,user152@email.com,67.0,96085.58,5399041462,7026 Main St,2021-08-23
153,Jennifer,user153@email.com,63.0,51082.44,123,7505 Main St,2023-02-15
154,Jennifer,user154@email.com,39.0,186272.23,7196650419,6397 Main St,2022-07-01
155,Robert,user155@email.com,70.0,,6263873548,8695 Main St,2021-10-22
156,Sarah,user156@email.com,36.0,160042.39,8973359562,5078 Main St,2023-04-07
157,Jane,user157@email.com,50.0,34566.63,1440900981,3580 Main St,2022-07-15
158,David,user158@email.com,57.0,123392.57,5389255581,7207 Main St,2022-04-05
159,Robert,user159@email.com,40.0,129660.76,6073970220,5444 Main St,2023-06-09
160,Lisa,user160@email.com,22.0,159235.95,2911044794,668 Main St,2022-04-02
161,Jennifer,user161@email.com,62.0,64524.5,4204908800,8385 Main St,2021-11-13
162,Lisa,user162@email.com,80.0,,6168193083,4775 Main St,2020-11-17
163,,user163@email.com,39.0,128278.56,9607593663,5185 Main St,2022-09-21
164,Lisa,user164@email.com,48.0,80646.44,6907412140,2419 Main St,2021-11-28
165,Emily,user165@email.com,51.0,190595.78,4778204201,9605 Main St,2021-04-19
166,Robert,user166@email.com,59.0,154206.56,6352503381,8353 Main St,2023-10-22
167,James,user167@email.com,40.0,57732.27,3297582425,5678 Main St,2022-04-11
168,Jane,user168@email.com,69.0,112986.15,2190542467,9422 Main St,invalid-date
169,Jennifer,user169@email.com,20.0,168821.57,2604681873,5686 Main St,2022-12-22
170,Lisa,user170@email.com,33.0,92516.07,4747140655,3073 Main St,2022-10-06
171,Lisa,user171@email.com,30.0,-1000.0,3165827523,1435 Main St,2021-09-04
172,John,user172@email.com,59.0,46499.57,,2114 Main St,2020-04-05
173,Emily,user173@email.com,54.0,39841.78,5338945532,8784 Main St,2020-10-24
174,Michael,user174@email.com,33.0,180011.84,9150160199,2168 Main St,2023-10-19
175,Lisa,user175@email.com,62.0,145504.73,1526876963,3601 Main St,2023-07-04
176,Lisa,user176@email.com,,154164.34,7072238721,6991 Main St,2023-10-24
177,Jane,user177@email.com,66.0,180170.47,9953010070,770 Main St,2023-02-04
178,James,user178@email.com,40.0,67183.3,4900786851,8348 Main St,2021-06-09
179,Emily,user179@email.com,24.0,70630.4,7109906281,2664 Main St,2020-09-14
180,Emily,user180@email.com,57.0,109429.58,2091051467,228 Main St,2020-07-12
181,,user181@email.com,77.0,162854.57,7904930213,2143 Main St,invalid-date
182,Sarah,user182@email.com,75.0,199829.82,8195178496,,2022-03-19
183,Michael,user183@email.com,25.0,40144.2,2640934513,3239 Main St,2022-12-31
184,Robert,user184@email.com,28.0,142582.83,6998676354,6822 Main St,2020-11-28
185,James,user185@email.com,39.0,168072.57,1173953396,7063 Main St,2021-01-23
186,James,,65.0,66872.72,8846728320,5521 Main St,2021-08-11
187,Sarah,user187@email.com,25.0,150490.66,8388246749,3743 Main St,2022-11-29
188,Jennifer,user188@email.com,66.0,95738.01,7407316772,296 Main St,2022-10-20
189,Robert,user189@email.com,74.0,139418.84,2020514184,4756 Main St,2020-03-24
190,David,user190@email.com,39.0,69285.44,2963610088,4011 Main St,2023-07-13
191,Jane,user191@email.com,69.0,105425.79,3431068469,8809 Main St,2021-08-05
192,Emily,user192@email.com,37.0,87791.6,invalid,7515 Main St,2021-06-07
193,Robert,user193@email.com,43.0,111122.32,9747377880,9067 Main St,2020-09-06
194,Lisa,user194@email.com,20.0,164820.19,4195240343,4545 Main St,2021-12-02
195,Robert,user195@email.com,28.0,81844.76,3624454045,5671 Main St,2022-06-04
196,Jennifer,user196@email.com,60.0,165582.09,8410640092,410 Main St,2022-04-15
197,Robert,user197@email.com,65.0,31696.13,123,2357 Main St,2022-02-04
198,Lisa,user198@email.com,28.0,96465.47,4095864399,349 Main St,2022-06-08
199,Jane,user199@email.com,72.0,185358.25,2989443997,5760 Main St,2022-05-09
200,Michael,user200@email.com,47.0,189157.77,9790123640,1878 Main St,2021-12-24
201,Robert,user201@email.com,69.0,169598.3,3415366629,2933 Main St,2021-04-02
202,Emily,user202@email.com,52.0,179691.31,9526470786,1239 Main St,2023-02-26
203,John,user203@email.com,42.0,147613.7,9008744224,7037 Main St,2020-09-14
204,Emily,user204@email.com,21.0,124040.7,7164318476,5473 Main St,2022-01-03
205,David,user205@email.com,45.0,190760.19,123,6974 Main St,2023-12-22
206,James,user206@email.com,31.0,76783.17,4902901886,6071 Main St,2022-06-13
207,John,user207@email.com,30.0,151115.27,9552556027,6603 Main St,2023-05-04
208,Robert,user208@email.com,49.0,170708.59,,1101 Main St,2020-10-22
209,Robert,user209@email.com,55.0,137985.94,,1795 Main St,2022-08-24
210,Michael,user210@email.com,68.0,187297.71,invalid,1232 Main St,2021-10-23
211,Jennifer,user211@email.com,64.0,,8139022576,342 Main St,2021-09-11
212,James,user212@email.com,70.0,98591.49,8522253540,6083 Main St,2021-09-09
213,Jane,user213@email.com,49.0,149861.58,4992020382,9871 Main St,2022-04-06
214,,user214@email.com,18.0,31532.79,2988989580,3923 Main St,2021-05-14
215,Sarah,user215@email.com,57.0,47377.56,,,2023-04-12
216,Jane,user216@email.com,39.0,111064.44,9779751895,6034 Main St,2022-04-29
217,Jennifer,user217@email.com,37.0,170372.23,8950147602,220 Main St,2022-09-05
218,James,user218@email.com,22.0,178840.67,2752169790,4034 Main St,2022-06-23
219,Michael,user219@email.com,44.0,59125.68,4948037593,9102 Main St,2020-05-17
220,Robert,user220@email.com,45.0,150741.58,invalid,8470 Main St,2023-07-14
221,James,user221@email.com,57.0,67150.63,2163308705,9757 Main St,2020-11-21
222,Sarah,user222@email.com,62.0,80884.09,7898394129,6031 Main St,2020-04-16
223,James,user223@email.com,69.0,127878.18,2007457976,5107 Main St,2020-07-01
224,Lisa,user224@email.com,73.0,194303.09,4143542756,,2022-06-12
225,John,user225@email.com,73.0,77301.17,8321751813,1132 Main St,2022-03-09
226,James,user226@email.com,57.0,188593.2,6598954487,8094 Main St,2020-08-08
227,Jane,user227@email.com,49.0,187088.64,4173526210,,2020-05-16
228,Michael,user228@email.com,41.0,159903.11,8540860969,9649 Main St,2022-09-21
229,David,user229@email.com,47.0,101907.53,3290708181,9031 Main St,2023-06-30
230,Lisa,user230@email.com,34.0,51820.14,5665197560,8105 Main St,2020-05-05
231,Jennifer,user231@email.com,44.0,82780.66,3066535083,5234 Main St,2020-09-01
232,Sarah,user232@email.com,50.0,130619.13,7731570351,1602 Main St,2021-11-06
233,David,user233@email.com,22.0,149458.2,,3659 Main St,2020-12-23
234,Jane,user234@email.com,69.0,191446.0,1007342485,9917 Main St,2020-01-10
235,,user235@email.com,65.0,125876.62,9439712003,,2021-07-17
236,James,user236@email.com,30.0,195115.4,8982945950,3996 Main St,2023-12-23
237,Jane,,31.0,77184.38,7426256438,9425 Main St,2022-01-03
238,James,user238@email.com,26.0,162290.65,7871378104,7843 Main St,2022-04-30
239,Michael,user239@email.com,51.0,193914.82,6065875601,9385 Main St,2023-09-13
240,,user240@email.com,48.0,191409.56,6039142871,9983 Main St,2023-03-13
241,Jennifer,user241@email.com,54.0,72118.7,3774997432,1716 Main St,2023-04-20
242,Jennifer,user242@email.com,42.0,184362.02,4764586203,8940 Main St,2020-11-20
243,Sarah,user243@email.com,70.0,196600.56,5091859585,6857 Main St,2020-10-08
244,Robert,user244@email.com,72.0,145763.84,3158162722,2878 Main St,2022-10-08
245,Robert,user245@email.com,47.0,,4905655494,,2023-10-09
246,Michael,user246@email.com,34.0,91859.3,4709582032,1285 Main St,2020-03-29
247,Michael,user247@email.com,-1.0,113727.59,8608590550,866 Main St,2022-01-22
248,Sarah,user248@email.com,53.0,67359.08,1060311556,9470 Main St,2021-03-11
249,,user249@email.com,46.0,78299.6,5879457515,5330 Main St,2022-10-05
250,Lisa,,45.0,197858.83,4328035874,9652 Main St,2022-07-03
251,Robert,user251@email.com,65.0,81701.73,6822380987,4457 Main St,2022-07-24
252,David,user252@email.com,49.0,107289.22,5498300505,8444 Main St,2022-06-25
253,Robert,user253@email.com,46.0,97115.87,1457402393,3484 Main St,2020-07-16
254,John,user254@email.com,44.0,50178.58,9028943046,2880 Main St,2022-12-06
255,Robert,user255@email.com,19.0,84586.63,4867145032,6670 Main St,2021-05-30
256,Jane,user256@email.com,74.0,190160.52,2359146182,9072 Main St,2022-04-26
257,Emily,user257@email.com,60.0,197925.5,7311556732,946 Main St,2021-04-16
258,Jennifer,user258@email.com,66.0,68607.09,7734012853,3315 Main St,2020-11-24
259,David,user259@email.com,57.0,137807.71,5616511530,2341 Main St,2021-09-20
260,Jane,user260@email.com,66.0,117410.66,5064390171,3989 Main St,2021-10-09
261,Jennifer,,64.0,38275.85,3487148428,5492 Main St,2021-01-14
262,Jennifer,user262@email.com,29.0,187909.31,9688123781,8325 Main St,2023-09-11
263,Michael,user263@email.com,30.0,53295.83,4559230991,7539 Main St,2023-02-06
264,Michael,user264@email.com,59.0,98827.62,5680393166,9095 Main St,2022-05-13
265,Lisa,user265@email.com,58.0,157397.54,5682391871,4004 Main St,2021-07-17
266,David,user266@email.com,31.0,45777.94,invalid,7714 Main St,2023-12-01
267,James,,38.0,105010.01,9689491361,6293 Main St,2023-02-12
268,David,user268@email.com,23.0,101129.96,123,7276 Main St,2020-09-23
269,Robert,user269@email.com,43.0,89626.83,6507620216,1363 Main St,2023-07-09
270,Jennifer,user270@email.com,79.0,92910.68,7404979121,6245 Main St,2023-07-29
271,Emily,user271@email.com,80.0,155887.6,6715370565,,2023-06-30
272,Jane,user272@email.com,71.0,-1000.0,7703863087,4368 Main St,2022-01-19
273,Robert,,65.0,148862.53,2901655935,221 Main St,2023-05-30
274,Michael,user274@email.com,80.0,123029.7,invalid,9385 Main St,2020-11-25
275,Jennifer,user275@email.com,29.0,121564.35,5094296340,,2022-10-11
276,James,user276@email.com,45.0,124698.17,8435625594,6029 Main St,2021-06-07
277,James,user277@email.com,56.0,169383.63,invalid,8308 Main St,2023-06-04
278,David,user278@email.com,38.0,65755.05,3706998743,5926 Main St,2021-03-16
279,David,user279@email.com,56.0,52606.06,2765885648,1862 Main St,2021-01-21
280,Sarah,user280@email.com,73.0,160154.19,9560740943,4253 Main St,2023-02-16
281,Robert,user281@email.com,37.0,81016.63,3672377778,7968 Main St,2020-05-24
282,Jane,user282@email.com,40.0,151978.37,8618646685,1098 Main St,2023-04-11
283,Lisa,user283@email.com,67.0,71141.25,1856185527,9327 Main St,2020-01-28
284,James,user284@email.com,43.0,92040.48,3521100836,6953 Main St,2023-12-04
285,Robert,user285@email.com,79.0,182895.55,3305383044,4964 Main St,2023-04-09
286,Emily,user286@email.com,41.0,120277.55,3425444209,8161 Main St,2022-09-22
287,Emily,user287@email.com,66.0,68966.07,5622215185,899 Main St,2020-03-30
288,Emily,user288@email.com,77.0,125823.36,3018337507,,2023-04-13
289,James,user289@email.com,69.0,128674.74,123,9472 Main St,2021-10-07
290,Michael,user290@email.com,38.0,63324.41,,9522 Main St,2023-03-24
291,Robert,user291@email.com,77.0,80193.59,9633989765,6134 Main St,2022-10-08
292,David,user292@email.com,29.0,114269.73,1937034572,9525 Main St,2021-01-21
293,David,user293@email.com,44.0,128779.65,8415873617,860 Main St,2020-01-31
294,John,user294@email.com,23.0,128294.94,5745138984,7177 Main St,2023-05-29
295,Robert,user295@email.com,30.0,194537.6,8104424817,1051 Main St,2021-07-18
296,Michael,user296@email.com,72.0,174386.66,3686416098,1488 Main St,2023-01-26
297,,user297@email.com,66.0,75382.44,8551197659,6438 Main St,2022-08-06
298,Michael,user298@email.com,73.0,196430.7,123,4521 Main St,2022-03-21
299,,user299@email.com,53.0,115942.54,9757600647,5150 Main St,2021-03-11
300,David,user300@email.com,65.0,137347.51,9874739337,2802 Main St,2022-07-08
301,Lisa,user301@email.com,74.0,131019.77,2108934507,9914 Main St,2021-06-18
302,Jennifer,user302@email.com,52.0,159182.64,4449489899,6766 Main St,2020-07-31
303,Lisa,user303@email.com,78.0,134471.89,1440253990,9265 Main St,2023-05-20
304,Michael,user304@email.com,51.0,67230.44,8052659773,1892 Main St,2021-05-19
305,Emily,user305@email.com,24.0,106102.51,9730698945,9330 Main St,2023-02-15
306,Jennifer,user306@email.com,26.0,193084.26,6461760822,9884 Main St,2020-01-22
307,,user307@email.com,80.0,116784.72,1310473994,8641 Main St,2022-05-29
308,John,user308@email.com,56.0,185197.44,4719571870,5516 Main St,2023-10-08
309,Emily,user309@email.com,40.0,154019.34,5883500991,9503 Main St,2023-08-25
310,James,user310@email.com,43.0,36069.46,1183323300,8185 Main St,2023-02-06
311,James,user311@email.com,47.0,110920.15,8464318956,1486 Main St,2020-08-17
312,,user312@email.com,22.0,194264.56,8315471257,9004 Main St,2021-04-12
313,James,user313@email.com,75.0,175866.0,4146049034,4332 Main St,2020-03-23
314,David,user314@email.com,47.0,171859.68,6851359906,8568 Main St,2023-06-11
315,John,user315@email.com,30.0,67343.5,5773518471,6803 Main St,2023-03-16
316,David,user316@email.com,38.0,47369.05,,6911 Main St,2022-12-25
317,Robert,user317@email.com,34.0,90498.85,4415989953,,2023-04-23
318,Emily,user318@email.com,22.0,125701.91,4434221784,650 Main St,2022-12-29
319,Jane,user319@email.com,28.0,153142.94,2797826715,7350 Main St,2022-07-08
320,James,user320@email.com,34.0,110854.94,5635112996,9778 Main St,2020-01-07
321,David,user321@email.com,30.0,172146.26,5562498869,1413 Main St,2023-08-26
322,Emily,user322@email.com,52.0,37164.92,8224366253,9875 Main St,2022-11-16
323,Jennifer,user323@email.com,40.0,144396.75,9456862218,7946 Main St,2021-05-30
324,Michael,user324@email.com,79.0,69324.65,6244344566,6632 Main St,2023-04-26
325,Emily,user325@email.com,26.0,64249.74,8409074110,9285 Main St,2022-01-25
326,David,user326@email.com,30.0,45867.95,6676182680,7630 Main St,2020-02-04
327,Jane,user327@email.com,71.0,155141.5,6079470976,7939 Main St,2023-04-25
328,John,user328@email.com,22.0,31546.21,5851100849,6205 Main St,2020-04-23
329,Jennifer,,27.0,58540.86,8678544069,,2021-09-11
330,Michael,,58.0,144192.41,2670521952,6861 Main St,2021-10-03
331,David,user331@email.com,26.0,150368.45,1136304102,3555 Main St,2020-05-12
332,Lisa,user332@email.com,64.0,,3608712854,8091 Main St,2021-07-05
333,Jennifer,user333@email.com,42.0,41528.21,9545788687,7371 Main St,2022-02-09
334,Jane,user334@email.com,26.0,65976.27,2620257866,6247 Main St,2022-09-09
335,John,user335@email.com,150.0,154509.64,9913077845,281 Main St,2020-06-07
336,Michael,user336@email.com,21.0,43666.99,1296385238,4473 Main St,2021-10-30
337,Jane,user337@email.com,50.0,192217.71,invalid,4344 Main St,2021-05-31
338,Sarah,user338@email.com,66.0,160872.77,8980437577,7897 Main St,2020-12-08
339,,user339@email.com,45.0,178483.13,invalid,6056 Main St,2021-09-26
340,Jennifer,user340@email.com,41.0,89337.3,9131976671,842 Main St,2021-12-29
341,Jane,user341@email.com,33.0,68971.14,3036978784,9242 Main St,2021-01-06
342,Lisa,user342@email.com,29.0,,4340949360,2002 Main St,2021-06-01
343,Jane,user343@email.com,64.0,137118.08,9478933343,7940 Main St,2022-08-24
344,David,user344@email.com,33.0,180680.29,6904179685,4543 Main St,2023-12-06
345,Sarah,user345@email.com,59.0,138572.68,2133259722,1968 Main St,2021-04-16
346,John,user346@email.com,40.0,137569.77,2679919171,9971 Main St,2022-07-14
347,Robert,user347@email.com,52.0,134652.51,4864393609,5659 Main St,2023-11-21
348,Jennifer,user348@email.com,41.0,113450.77,6790317177,5644 Main St,2020-04-08
349,James,user349@email.com,37.0,92947.53,8200209018,8833 Main St,2023-01-29
350,Lisa,user350@email.com,72.0,164792.56,1765553812,9293 Main St,2022-02-05
351,James,user351@email.com,72.0,106488.63,1392023041,6092 Main St,2021-11-18
352,Jennifer,user352@email.com,61.0,187516.67,9198560285,7474 Main St,2020-08-04
353,Sarah,user353@email.com,29.0,94902.63,5326363935,2450 Main St,2023-09-24
354,Sarah,user354@email.com,70.0,190195.97,1492688199,3762 Main St,2021-04-02
355,David,user355@email.com,20.0,52859.48,6854154344,3446 Main St,2023-07-18
356,Jane,user356@email.com,77.0,99265.61,8801656898,6087 Main St,2022-07-23
357,Robert,user357@email.com,57.0,175177.53,1185071841,4499 Main St,2021-08-13
358,Robert,user358@email.com,55.0,,4676552144,6542 Main St,2021-08-14
359,James,user359@email.com,73.0,188059.11,2669588453,6168 Main St,2023-04-22
360,John,user360@email.com,79.0,66726.85,6637921522,4796 Main St,2022-05-18
361,John,user361@email.com,65.0,73914.15,6296581518,,2021-02-23
362,Robert,user362@email.com,71.0,144794.13,9932124922,955 Main St,2020-12-07
363,Robert,user363@email.com,57.0,167673.42,6813140605,5038 Main St,2021-05-16
364,Lisa,user364@email.com,24.0,52328.81,2183937567,5615 Main St,2021-07-12
365,Emily,user365@email.com,48.0,195534.14,7028629179,2437 Main St,2020-05-19
366,,user366@email.com,49.0,127611.04,6566511290,3569 Main St,2020-02-26
367,David,user367@email.com,24.0,41692.24,4982230099,1441 Main St,2022-04-22
368,Emily,user368@email.com,32.0,30896.81,2386277571,2742 Main St,2022-03-01
369,Jennifer,user369@email.com,64.0,62367.65,2250831257,3735 Main St,2021-10-22
370,Lisa,user370@email.com,66.0,191841.84,2699447849,2838 Main St,2022-04-04
371,Emily,user371@email.com,60.0,89354.74,2677588733,9076 Main St,2021-02-08
372,Emily,user372@email.com,42.0,170192.91,3712739940,2013 Main St,2023-10-11
373,David,user373@email.com,74.0,106771.53,9775235309,5805 Main St,2023-10-19
374,Jennifer,user374@email.com,62.0,130121.16,5266822557,9002 Main St,2021-08-25
375,John,user375@email.com,26.0,66976.3,6918603295,4960 Main St,2022-08-28
376,,user376@email.com,78.0,183137.01,7092950842,4762 Main St,2022-12-19
377,David,user377@email.com,72.0,73629.7,7682083351,5650 Main St,2021-06-29
378,Michael,user378@email.com,77.0,163329.56,5338381779,9944 Main St,2020-11-08
379,Sarah,user379@email.com,37.0,175734.53,1724315632,5879 Main St,2022-12-10
380,James,user380@email.com,52.0,128673.49,2367189259,3936 Main St,invalid-date
381,Robert,user381@email.com,76.0,37051.86,5731111934,4801 Main St,2023-10-27
382,Lisa,user382@email.com,49.0,85966.92,9711369850,4449 Main St,2022-02-12
383,Sarah,user383@email.com,45.0,151568.12,5161363226,,2022-10-19
384,Lisa,user384@email.com,71.0,133270.29,3845890058,2455 Main St,2021-07-10
385,Jennifer,user385@email.com,72.0,99219.74,7291475075,1984 Main St,2023-04-15
386,James,user386@email.com,66.0,113629.67,6034378826,5578 Main St,2021-12-21
387,Jennifer,user387@email.com,55.0,146753.12,7991399523,3330 Main St,2020-06-29
388,John,user388@email.com,35.0,62096.95,5768548318,6507 Main St,2020-06-20
389,Jennifer,user389@email.com,62.0,118817.84,8127085159,8006 Main St,2022-11-26
390,John,,42.0,137069.97,1364146835,6247 Main St,2020-01-03
391,Lisa,user391@email.com,54.0,56285.35,9162117448,4178 Main St,2020-09-28
392,Michael,user392@email.com,55.0,140019.33,4597130052,838 Main St,2022-04-15
393,James,user393@email.com,,66907.3,7096982714,6259 Main St,2020-02-12
394,Emily,,36.0,71850.36,3313938535,9072 Main St,2020-09-07
395,Sarah,user395@email.com,28.0,82476.06,4862632325,6117 Main St,2020-09-17
396,David,user396@email.com,69.0,67645.41,5965354168,,2020-08-31
397,Robert,user397@email.com,49.0,155158.91,3460827079,1337 Main St,2020-07-03
398,James,user398@email.com,18.0,71035.24,7712631280,6113 Main St,2022-12-25
399,Robert,user399@email.com,54.0,192760.94,3224147616,2682 Main St,2021-11-27
400,Jennifer,user400@email.com,45.0,52888.44,7041037720,2042 Main St,2020-01-14
401,Emily,user401@email.com,73.0,84806.57,9729479669,1542 Main St,2020-02-03
402,Emily,user402@email.com,76.0,36850.92,7450660110,1119 Main St,2020-01-18
403,Robert,user403@email.com,74.0,110493.36,8034983717,,2022-12-18
404,Robert,user404@email.com,55.0,56329.91,4274046047,2508 Main St,2020-11-29
405,Michael,user405@email.com,20.0,105521.14,3376961416,7397 Main St,2021-04-21
406,James,user406@email.com,32.0,128172.61,4441390533,5432 Main St,2022-06-17
407,Jane,user407@email.com,31.0,182469.16,4507139639,4679 Main St,2022-08-19
408,Emily,user408@email.com,75.0,122118.22,5288147070,7923 Main St,2022-11-19
409,John,user409@email.com,25.0,,5187727891,2758 Main St,2023-06-17
410,Robert,user410@email.com,48.0,66475.0,8742899287,9502 Main St,2020-11-07
411,John,user411@email.com,80.0,152248.94,9678121385,8479 Main St,2022-03-21
412,John,user412@email.com,20.0,189052.7,8715356334,2986 Main St,2021-09-21
413,Lisa,user413@email.com,70.0,44974.58,1562799971,1687 Main St,2021-06-04
414,Jennifer,user414@email.com,66.0,91613.26,7038400503,3816 Main St,2022-12-30
415,Jennifer,user415@email.com,34.0,154538.12,9426582690,278 Main St,2023-11-05
416,Lisa,user416@email.com,43.0,192212.55,5307605329,2890 Main St,2021-02-03
417,Robert,user417@email.com,23.0,114271.52,1516099899,1523 Main St,2021-02-11
418,David,user418@email.com,80.0,197022.14,6255562831,7021 Main St,2021-05-02
419,Lisa,user419@email.com,57.0,59241.75,8443441468,1457 Main St,invalid-date
420,Emily,user420@email.com,23.0,129704.25,9426893437,6532 Main St,2022-07-10
421,John,user421@email.com,21.0,52499.9,invalid,7231 Main St,2022-10-29
422,Lisa,user422@email.com,44.0,52992.74,1179462398,9112 Main St,2022-12-02
423,John,user423@email.com,72.0,191705.28,,,2020-11-26
424,Jennifer,user424@email.com,66.0,33671.19,3012064892,7452 Main St,2023-03-14
425,David,user425@email.com,26.0,72824.02,8237463797,,2023-11-30
426,Robert,user426@email.com,78.0,113967.48,4016149355,396 Main St,2023-10-14
427,Michael,user427@email.com,49.0,140389.14,2053466414,7127 Main St,2021-05-09
428,Lisa,user428@email.com,64.0,69784.59,9017428370,4654 Main St,2022-12-25
429,Emily,user429@email.com,47.0,67547.85,1176250824,355 Main St,2022-08-23
430,Robert,user430@email.com,30.0,130193.23,6257619124,2359 Main St,2020-07-19
431,Emily,user431@email.com,56.0,174861.07,5994639998,1364 Main St,2023-05-30
432,Michael,user432@email.com,56.0,199632.18,6285721960,8336 Main St,2020-02-11
433,Robert,user433@email.com,19.0,157008.67,6589522923,3710 Main St,2021-08-31
434,James,user434@email.com,75.0,103612.42,4268777806,7973 Main St,2021-11-23
435,Lisa,user435@email.com,19.0,169626.21,7234999661,5164 Main St,2020-02-05
436,Lisa,user436@email.com,18.0,99181.18,1517249749,7160 Main St,2022-09-14
437,James,user437@email.com,78.0,48823.28,3327380543,6488 Main St,2023-06-07
438,John,user438@email.com,59.0,179988.06,3237747606,9417 Main St,2020-03-20
439,Lisa,user439@email.com,18.0,164401.61,7060097747,3290 Main St,2022-06-18
440,Michael,user440@email.com,21.0,114843.63,7755349294,1146 Main St,2022-04-26
441,Michael,user441@email.com,49.0,90900.5,4230134607,3009 Main St,2020-01-17
442,David,user442@email.com,35.0,88817.22,5449644350,4740 Main St,2022-02-21
443,Emily,user443@email.com,19.0,68353.57,6670555877,3411 Main St,2023-02-23
444,Jane,user444@email.com,25.0,84956.76,9094919533,2916 Main St,2022-11-30
445,Jennifer,user445@email.com,29.0,-1000.0,8085963369,1608 Main St,2020-02-08
446,Sarah,user446@email.com,50.0,40856.57,9118103980,6215 Main St,2021-06-25
447,David,user447@email.com,55.0,110336.32,3464444894,1926 Main St,2023-09-22
448,Jennifer,user448@email.com,25.0,75592.96,1638633605,7960 Main St,2022-03-10
449,David,user449@email.com,47.0,95873.72,9036635647,8156 Main St,2023-09-26
450,Robert,user450@email.com,68.0,177002.47,4690237739,8349 Main St,2020-04-24
451,Jennifer,user451@email.com,53.0,141395.73,6543933429,,2023-01-14
452,John,user452@email.com,60.0,144064.0,9611530155,7731 Main St,2020-01-15
453,Sarah,user453@email.com,68.0,163195.84,7252320460,1332 Main St,2021-09-18
454,John,user454@email.com,72.0,35241.51,1959632285,4960 Main St,2022-05-13
455,David,user455@email.com,53.0,86355.05,8078176838,2044 Main St,2021-08-19
456,David,user456@email.com,26.0,171413.25,9703909787,7485 Main St,2021-09-11
457,Michael,user457@email.com,34.0,117027.27,3834374984,6070 Main St,2022-03-21
458,Michael,user458@email.com,43.0,162226.3,8000290958,9341 Main St,2020-02-11
459,Lisa,user459@email.com,35.0,48421.67,6932011626,8027 Main St,2020-06-10
460,Michael,user460@email.com,73.0,74373.23,7138378573,1979 Main St,2020-12-11
461,James,user461@email.com,55.0,78121.4,2273668484,8178 Main St,2020-10-13
462,Robert,user462@email.com,53.0,108439.96,4048962219,6781 Main St,2020-06-25
463,Michael,user463@email.com,18.0,66410.34,2459722095,9993 Main St,2021-07-04
464,James,user464@email.com,77.0,161860.9,2175086813,459 Main St,2022-07-29
465,Sarah,user465@email.com,27.0,99406.22,2511116939,9644 Main St,2021-07-14
466,Lisa,user466@email.com,76.0,39629.02,3192328001,4415 Main St,2022-06-11
467,Jennifer,user467@email.com,57.0,,2419077405,5191 Main St,2022-02-05
468,Lisa,user468@email.com,57.0,146230.3,,1083 Main St,2023-10-11
469,Emily,user469@email.com,73.0,96110.98,123,,2022-05-01
470,James,user470@email.com,71.0,102133.46,9174400847,6416 Main St,2021-03-18
471,John,user471@email.com,31.0,174631.07,invalid,7682 Main St,2022-04-28
472,Emily,user472@email.com,,72607.45,2644975190,8176 Main St,2021-07-05
473,David,user473@email.com,57.0,101774.35,1290224275,3199 Main St,2020-11-01
474,David,user474@email.com,57.0,80378.63,2186305311,8358 Main St,2021-06-22
475,David,user475@email.com,56.0,116921.37,8711760251,5584 Main St,2022-07-11
476,Emily,user476@email.com,61.0,74255.08,9515615090,5503 Main St,2021-11-10
477,James,user477@email.com,54.0,155834.69,4058958208,8358 Main St,2021-02-09
478,Jane,user478@email.com,59.0,113291.31,2920240037,,2022-04-16
479,Jennifer,user479@email.com,66.0,32349.8,6710052614,9503 Main St,2023-07-21
480,Jennifer,user480@email.com,80.0,30521.54,3580338537,,2021-05-20
481,Emily,user481@email.com,44.0,131507.5,7907690945,1363 Main St,2022-11-21
482,Lisa,user482@email.com,56.0,98287.51,1150555889,1800 Main St,2022-03-12
483,Robert,user483@email.com,26.0,145099.23,8478721409,7823 Main St,2020-12-27
484,Jane,user484@email.com,45.0,165346.7,4017396902,3207 Main St,2021-05-24
485,,user485@email.com,66.0,172659.71,8050516961,3367 Main St,2022-10-12
486,Emily,user486@email.com,28.0,182934.08,1952044704,4011 Main St,2020-05-26
487,Sarah,user487@email.com,50.0,186619.0,6367050662,7732 Main St,2020-08-05
488,David,user488@email.com,33.0,41965.71,9109902602,4074 Main St,2023-05-29
489,John,user489@email.com,30.0,114744.85,1520539071,9307 Main St,2020-06-28
490,Lisa,user490@email.com,35.0,124275.14,8582695456,5723 Main St,2022-09-09
491,David,user491@email.com,70.0,74167.34,1748903285,5133 Main St,2020-01-17
492,James,user492@email.com,27.0,166105.32,3701116505,9873 Main St,2021-11-12
493,Jennifer,user493@email.com,53.0,65928.88,2439831695,1330 Main St,2020-01-02
494,,user494@email.com,79.0,90881.9,7023380034,8618 Main St,2020-11-18
495,Lisa,user495@email.com,26.0,153880.08,1045528720,8995 Main St,2022-11-06
496,Robert,user496@email.com,46.0,72548.54,4920639567,8223 Main St,2023-10-21
497,Michael,user497@email.com,24.0,102744.81,5543736069,9096 Main St,2022-01-29
498,Robert,user498@email.com,57.0,158916.11,7090130955,6484 Main St,2020-01-24
499,Lisa,user499@email.com,35.0,52836.04,1664835986,1474 Main St,2021-03-12
500,Sarah,user500@email.com,32.0,133185.77,4790663527,,2020-04-26
501,Jennifer,user501@email.com,40.0,195293.3,1073222407,9998 Main St,2021-12-14
502,Jane,user502@email.com,63.0,73929.24,9594763393,9442 Main St,2020-03-23
503,Robert,user503@email.com,20.0,166250.07,6444286217,3041 Main St,2022-06-25
504,Emily,user504@email.com,49.0,76122.03,5122566034,2840 Main St,2021-06-08
505,,user505@email.com,30.0,165478.61,1814719656,2545 Main St,2022-05-23
506,Sarah,user506@email.com,35.0,169686.97,8681381557,4879 Main St,invalid-date
507,David,user507@email.com,38.0,62156.85,123,9272 Main St,2021-06-05
508,David,user508@email.com,56.0,129862.61,7015484026,,2020-03-18
509,Sarah,user509@email.com,19.0,95284.31,3197362500,738 Main St,2021-08-30
510,Emily,user510@email.com,31.0,63928.01,8585430981,3576 Main St,2023-11-27
511,Emily,user511@email.com,22.0,34955.97,8746290966,7619 Main St,2021-05-23
512,Emily,user512@email.com,63.0,54818.5,4206569267,2465 Main St,2022-01-01
513,Michael,user513@email.com,66.0,177044.99,8092664469,6429 Main St,2020-03-17
514,Jane,user514@email.com,150.0,71648.49,3707435904,8957 Main St,2022-08-22
515,David,user515@email.com,18.0,150965.62,2899541751,7552 Main St,2020-09-27
516,Lisa,user516@email.com,66.0,88002.99,7528547625,,2023-08-31
517,David,,38.0,128206.71,7859982458,995 Main St,2021-07-08
518,Robert,user518@email.com,29.0,129343.91,7197891526,6489 Main St,2020-06-12
519,Jennifer,user519@email.com,23.0,115508.97,8328248756,9289 Main St,2022-02-23
520,,,44.0,96920.02,7868235626,404 Main St,2021-09-21
521,Jennifer,user521@email.com,43.0,89182.94,8169526979,6678 Main St,2021-01-12
522,Emily,user522@email.com,63.0,116939.45,3331448669,2025 Main St,2023-01-27
523,John,user523@email.com,46.0,97694.65,5081439732,6550 Main St,2020-08-09
524,Emily,user524@email.com,23.0,71039.13,9692496912,6910 Main St,2020-08-10
525,David,user525@email.com,61.0,154951.21,5710018203,9883 Main St,2020-01-09
526,Sarah,user526@email.com,38.0,41969.44,3314273644,5716 Main St,2020-01-26
527,Jennifer,user527@email.com,24.0,67233.18,8191559196,4408 Main St,invalid-date
528,Emily,user528@email.com,39.0,58517.96,8758456837,1892 Main St,2022-10-17
529,Lisa,user529@email.com,37.0,94651.99,7008906540,7711 Main St,2020-12-25
530,Robert,user530@email.com,73.0,113083.0,6853857353,6571 Main St,2020-09-01
531,Emily,user531@email.com,50.0,87640.45,4196435457,7783 Main St,2020-03-29
532,Sarah,user532@email.com,38.0,45483.01,6262160903,3269 Main St,2023-07-26
533,David,user533@email.com,71.0,57754.32,3469238937,4365 Main St,2020-12-14
534,Jane,user534@email.com,-1.0,185779.25,1322263493,526 Main St,2022-09-07
535,Michael,user535@email.com,28.0,80460.93,5302355919,6412 Main St,2022-11-18
536,Lisa,user536@email.com,67.0,158174.64,5152806653,,2022-02-07
537,Michael,user537@email.com,22.0,156310.71,2355609047,383 Main St,2023-07-25
538,John,user538@email.com,45.0,98152.48,6688456977,,2023-11-28
539,John,user539@email.com,49.0,146606.48,2375314258,2765 Main St,2020-03-06
540,Emily,user540@email.com,37.0,-1000.0,3268817142,5601 Main St,2021-08-15
541,John,user541@email.com,27.0,174935.41,5778215708,8539 Main St,2021-10-27
542,Michael,user542@email.com,42.0,64944.23,9514678038,1239 Main St,2022-11-01
543,Jennifer,user543@email.com,60.0,113632.52,9478327905,1024 Main St,2023-06-23
544,Jennifer,user544@email.com,22.0,59550.51,3019027342,9322 Main St,2020-07-09
545,Michael,user545@email.com,64.0,182783.89,9863662330,6584 Main St,2022-02-05
546,Robert,user546@email.com,23.0,55803.47,1458121522,5977 Main St,2020-11-16
547,Jennifer,user547@email.com,33.0,105271.83,3312024856,,2022-10-22
548,David,user548@email.com,47.0,72515.98,5442356432,2812 Main St,2020-01-17
549,James,user549@email.com,72.0,134511.76,1545689844,5940 Main St,2021-10-09
550,Emily,user550@email.com,53.0,122316.81,9540361371,7606 Main St,2023-10-18
551,Lisa,user551@email.com,26.0,70223.05,9420423249,,2020-03-07
552,Robert,user552@email.com,53.0,153066.77,1764835559,5921 Main St,2022-04-20
553,David,user553@email.com,-1.0,81966.46,7562850266,7434 Main St,2022-10-07
554,John,user554@email.com,25.0,31345.83,1272112601,9092 Main St,2020-07-17
555,Jennifer,user555@email.com,29.0,40504.91,1657125134,2062 Main St,2020-08-30
556,Jennifer,user556@email.com,62.0,95901.92,5882407558,5486 Main St,2023-06-29
557,Emily,user557@email.com,28.0,109551.05,4044059846,2329 Main St,2023-05-21
558,Jane,user558@email.com,18.0,90293.04,9233698489,7781 Main St,2023-05-28
559,David,user559@email.com,68.0,33404.05,5587508551,1185 Main St,2023-09-07
560,Lisa,user560@email.com,18.0,119089.78,6970907725,3234 Main St,2022-11-21
561,Sarah,user561@email.com,66.0,163066.42,123,9687 Main St,2020-10-03
562,David,user562@email.com,58.0,83568.6,3739647886,7693 Main St,2023-06-05
563,James,user563@email.com,22.0,196097.84,3151960330,,invalid-date
564,Michael,user564@email.com,53.0,186655.24,,8673 Main St,2023-04-15
565,John,user565@email.com,35.0,58874.4,3356599651,4267 Main St,2021-06-18
566,Jane,user566@email.com,25.0,172957.5,7389757726,793 Main St,2023-02-08
567,Jane,user567@email.com,34.0,75332.28,2786180009,5131 Main St,2021-01-24
568,Robert,user568@email.com,58.0,144619.86,1995487673,4303 Main St,2023-08-27
569,Michael,user569@email.com,57.0,151506.4,5701842556,3176 Main St,2023-09-01
570,Jane,user570@email.com,68.0,74181.85,3322013852,3422 Main St,2021-02-02
571,Sarah,user571@email.com,47.0,131817.69,3872078282,5246 Main St,2021-01-19
572,Lisa,user572@email.com,29.0,48918.19,4903604564,2670 Main St,2023-04-12
573,,user573@email.com,70.0,131233.08,2478683910,,2021-09-28
574,Robert,user574@email.com,-1.0,184075.27,9199969516,8485 Main St,2020-05-22
575,Jane,user575@email.com,74.0,64664.46,1621415946,9302 Main St,2021-04-18
576,Sarah,user576@email.com,29.0,94233.08,3247589602,1864 Main St,2021-06-27
577,Sarah,user577@email.com,41.0,184460.71,4787325986,,2020-07-11
578,Jennifer,user578@email.com,67.0,53070.49,2441235432,6146 Main St,2022-02-23
579,James,user579@email.com,22.0,183863.35,4737974351,1916 Main St,2021-01-10
580,Michael,user580@email.com,59.0,194260.05,9481441069,4852 Main St,2021-05-12
581,David,user581@email.com,51.0,127573.74,7547408247,3424 Main St,2023-12-05
582,Jennifer,user582@email.com,29.0,170509.79,2263764510,5994 Main St,2022-09-21
583,Sarah,user583@email.com,55.0,56014.31,6394562924,7190 Main St,2023-07-30
584,Sarah,user584@email.com,71.0,77856.13,5265003622,2388 Main St,2023-07-28
585,David,user585@email.com,29.0,192254.6,5911404618,1525 Main St,2021-10-02
586,Michael,user586@email.com,21.0,54378.34,9844801814,6699 Main St,2021-12-03
587,Sarah,user587@email.com,55.0,50939.48,6218272803,9168 Main St,2023-12-31
588,Robert,user588@email.com,19.0,156134.76,7808358377,1446 Main St,2023-10-27
589,Sarah,user589@email.com,75.0,40202.17,1712267223,,2020-07-27
590,Sarah,user590@email.com,71.0,167660.4,2011049915,,2022-04-24
591,John,user591@email.com,24.0,133292.41,2499170150,5671 Main St,2021-07-02
592,Jane,,62.0,131336.26,7404561666,583 Main St,2023-07-05
593,David,user593@email.com,46.0,56524.58,invalid,2787 Main St,2020-08-16
594,Jennifer,user594@email.com,40.0,148040.27,1412051790,3863 Main St,2020-01-07
595,Jane,user595@email.com,150.0,57447.51,1651216410,1084 Main St,2021-09-18
596,Lisa,user596@email.com,64.0,88850.14,2620369737,5880 Main St,2021-10-12
597,David,user597@email.com,60.0,61288.93,,,2020-10-16
598,,user598@email.com,61.0,35666.68,4206716148,9320 Main St,2022-04-28
599,Jane,user599@email.com,40.0,88720.48,8190673961,2448 Main St,2023-12-12
600,Jane,user600@email.com,29.0,136785.75,7165408469,1139 Main St,2021-06-03
601,Emily,user601@email.com,31.0,69209.49,2693635751,3287 Main St,2023-09-30
602,John,user602@email.com,20.0,72520.12,3657538327,6488 Main St,2020-06-16
603,David,user603@email.com,58.0,-1000.0,6818736176,2895 Main St,2020-04-08
604,,user604@email.com,67.0,69487.81,6990122624,9607 Main St,2021-07-16
605,Jennifer,user605@email.com,52.0,31093.02,5019689914,3998 Main St,2023-03-17
606,Jane,user606@email.com,20.0,169651.68,6407403679,1733 Main St,2020-05-21
607,David,user607@email.com,46.0,89087.81,4655599414,510 Main St,2023-06-01
608,James,user608@email.com,79.0,183891.35,8298707412,,2020-03-12
609,John,user609@email.com,49.0,49560.07,5908011785,8231 Main St,2022-01-29
610,Michael,,45.0,175295.49,5195090397,5746 Main St,2021-04-22
611,Robert,user611@email.com,40.0,61900.18,2701748742,7378 Main St,2021-12-07
612,Jennifer,user612@email.com,24.0,114662.62,5705874099,3821 Main St,2022-05-12
613,David,user613@email.com,31.0,162833.72,5081419597,3612 Main St,2021-08-02
614,Michael,user614@email.com,62.0,33208.89,9313645218,1741 Main St,2023-10-12
615,Robert,user615@email.com,30.0,108306.08,8038348961,1925 Main St,2021-07-31
616,Jennifer,user616@email.com,54.0,134723.84,9662130580,6126 Main St,2020-08-13
617,Jennifer,user617@email.com,50.0,119476.2,8901200478,6682 Main St,2023-03-09
618,Michael,user618@email.com,63.0,147507.2,1552387472,3537 Main St,2020-09-19
619,James,user619@email.com,65.0,113336.44,4327892507,4133 Main St,2021-07-08
620,Emily,user620@email.com,43.0,124273.58,7736323894,6884 Main St,2020-07-08
621,Michael,user621@email.com,-1.0,135924.21,123,4555 Main St,2020-11-03
622,Michael,user622@email.com,60.0,169637.74,2474054871,9098 Main St,2020-09-16
623,Jennifer,user623@email.com,23.0,31875.94,3647011875,6358 Main St,2023-10-08
624,Lisa,user624@email.com,69.0,39204.63,4463632371,2445 Main St,2022-05-27
625,David,user625@email.com,80.0,105463.45,8100503539,2950 Main St,2023-12-28
626,Emily,user626@email.com,55.0,149255.66,4000850821,679 Main St,2021-02-26
627,Jennifer,user627@email.com,61.0,190074.26,7866885780,9500 Main St,2022-08-30
628,James,user628@email.com,50.0,178706.52,2074523125,8624 Main St,2022-07-24
629,Emily,user629@email.com,59.0,122215.97,5822880500,9528 Main St,2020-02-27
630,Emily,user630@email.com,21.0,55214.16,2023025064,6798 Main St,2023-11-27
631,Robert,user631@email.com,26.0,66469.38,2077058981,6781 Main St,2020-02-18
632,James,user632@email.com,54.0,128293.32,4524580941,7171 Main St,2023-11-18
633,David,user633@email.com,76.0,97626.11,1430112301,661 Main St,2023-03-31
634,Jennifer,,77.0,161569.99,3601712558,5284 Main St,2020-10-09
635,Lisa,user635@email.com,78.0,156646.34,,1480 Main St,2020-11-25
636,Jennifer,user636@email.com,22.0,108607.38,123,2996 Main St,2021-04-16
637,Jennifer,user637@email.com,78.0,166698.6,,6767 Main St,2021-07-30
638,Jane,user638@email.com,55.0,141113.17,7781950246,5965 Main St,2023-10-08
639,James,user639@email.com,55.0,189233.86,7730283385,2686 Main St,2023-08-12
640,,user640@email.com,19.0,162835.17,1590384889,9699 Main St,2020-11-12
641,Jennifer,user641@email.com,21.0,158164.15,4202621088,,2023-08-14
642,Robert,user642@email.com,47.0,81996.02,3918472536,7721 Main St,2023-04-16
643,Lisa,user643@email.com,55.0,,1242935900,7094 Main St,2023-12-17
644,Michael,user644@email.com,77.0,122847.32,9911875867,,2021-03-22
645,Jane,user645@email.com,22.0,47602.13,3894530551,2428 Main St,2023-07-21
646,David,user646@email.com,71.0,42382.08,3001366516,2631 Main St,2021-01-16
647,Emily,user647@email.com,37.0,189106.28,3704318212,7757 Main St,2023-04-05
648,Lisa,user648@email.com,52.0,137254.21,3198605677,6337 Main St,2023-07-18
649,Jennifer,user649@email.com,48.0,37702.79,7425715547,9320 Main St,2023-12-31
650,Emily,user650@email.com,69.0,75954.82,1727216601,9678 Main St,2022-01-25
651,Michael,user651@email.com,21.0,172813.07,4998980284,7688 Main St,2020-07-19
652,Lisa,user652@email.com,48.0,79385.72,8933031710,,2022-08-06
653,Lisa,user653@email.com,38.0,172130.15,8937007629,9370 Main St,2022-07-22
654,James,user654@email.com,61.0,97514.85,1476390708,2530 Main St,2021-02-08
655,Sarah,user655@email.com,22.0,194057.49,3562760456,4375 Main St,2021-06-23
656,Jennifer,user656@email.com,26.0,185824.36,9487902097,7431 Main St,2022-07-07
657,Michael,user657@email.com,64.0,53677.86,5664864915,4478 Main St,2023-12-27
658,David,user658@email.com,25.0,165936.01,7843830216,8891 Main St,2022-01-01
659,Jane,user659@email.com,47.0,159130.55,8048488860,8855 Main St,2020-12-02
660,Jane,user660@email.com,23.0,102566.93,2643628635,4885 Main St,2023-12-20
661,James,user661@email.com,36.0,189833.34,1365829174,9699 Main St,2022-01-19
662,Jennifer,user662@email.com,19.0,116049.9,6257277203,9744 Main St,2021-10-25
663,Lisa,user663@email.com,35.0,59239.87,3144743868,1530 Main St,2020-05-21
664,Jennifer,user664@email.com,44.0,166911.93,4010835129,3373 Main St,2023-07-06
665,Michael,user665@email.com,19.0,138843.46,7783729699,6358 Main St,2022-11-18
666,Jane,user666@email.com,35.0,113369.76,3118467932,3920 Main St,2022-09-16
667,David,user667@email.com,58.0,35279.07,4671403675,9944 Main St,2021-02-25
668,Emily,user668@email.com,64.0,70805.69,3078449562,9120 Main St,2022-10-12
669,David,user669@email.com,24.0,178277.67,7808787302,5059 Main St,2020-03-29
670,David,user670@email.com,58.0,143536.59,4463924436,6026 Main St,2020-12-27
671,,user671@email.com,44.0,122536.31,9407704853,5764 Main St,2022-09-16
672,Lisa,user672@email.com,,83890.76,8900761857,9694 Main St,2022-02-05
673,James,user673@email.com,45.0,73969.41,3651926607,3480 Main St,2021-12-31
674,James,user674@email.com,47.0,87754.77,1442262772,2561 Main St,2022-09-13
675,John,user675@email.com,150.0,143355.89,1238620744,1122 Main St,2020-06-02
676,John,user676@email.com,40.0,38757.33,8926493144,2042 Main St,2023-10-09
677,Emily,user677@email.com,49.0,87109.66,9501140666,2566 Main St,2021-12-25
678,Robert,user678@email.com,67.0,79784.18,3174609375,7085 Main St,2023-06-06
679,Jane,user679@email.com,60.0,120539.53,4080594923,7308 Main St,2021-05-26
680,John,user680@email.com,73.0,180240.54,7605983852,7959 Main St,2023-12-29
681,Jennifer,user681@email.com,63.0,64447.87,2391292818,5519 Main St,2021-11-13
682,Michael,user682@email.com,27.0,46835.04,9951512100,9526 Main St,2021-09-18
683,Sarah,user683@email.com,80.0,182224.23,1841928286,9627 Main St,2020-10-03
684,Jennifer,user684@email.com,63.0,81832.74,3630900783,7853 Main St,2021-09-09
685,Lisa,user685@email.com,32.0,198913.35,123,9269 Main St,2023-02-19
686,Michael,user686@email.com,67.0,147448.61,8086644792,5936 Main St,2021-08-15
687,John,user687@email.com,30.0,120575.9,6690491279,,2023-04-29
688,David,user688@email.com,77.0,159306.82,6578758882,1042 Main St,2023-05-24
689,Michael,user689@email.com,33.0,185165.48,9943252924,625 Main St,2020-03-14
690,John,user690@email.com,32.0,,3086920707,9871 Main St,2022-03-23
691,Robert,user691@email.com,67.0,116828.14,2004837160,6307 Main St,2022-03-26
692,Sarah,user692@email.com,30.0,169696.34,123,4487 Main St,2020-05-10
693,John,user693@email.com,42.0,123037.74,4355406014,4449 Main St,2020-12-31
694,John,user694@email.com,46.0,186292.81,6679337484,9210 Main St,2022-01-01
695,Jennifer,user695@email.com,39.0,86811.1,7322779803,8448 Main St,2021-02-13
696,David,user696@email.com,32.0,109960.98,9811694535,9408 Main St,2023-10-28
697,John,user697@email.com,72.0,184137.74,3194636779,4886 Main St,2022-03-13
698,David,user698@email.com,75.0,30770.27,2043537092,,2022-08-07
699,John,user699@email.com,40.0,190309.8,8150359634,9183 Main St,2020-05-25
700,Emily,user700@email.com,31.0,131134.16,9849392662,6914 Main St,2021-03-06
701,Robert,user701@email.com,51.0,57133.18,5270638315,1017 Main St,2023-12-25
702,Sarah,user702@email.com,34.0,50466.97,7216479459,2481 Main St,2020-01-03
703,Sarah,user703@email.com,72.0,130459.27,3970235566,8505 Main St,2022-09-19
704,Sarah,user704@email.com,45.0,189512.67,123,514 Main St,2023-11-15
705,Sarah,user705@email.com,34.0,45448.17,1341760180,,2022-06-18
706,Emily,user706@email.com,52.0,170425.29,6090785175,8043 Main St,2020-03-26
707,James,user707@email.com,54.0,39706.83,4911588296,7240 Main St,2020-11-09
708,Sarah,user708@email.com,71.0,111708.6,1337929945,5280 Main St,2020-08-02
709,Jennifer,user709@email.com,27.0,74636.46,7339150689,1550 Main St,2023-06-27
710,,user710@email.com,64.0,57316.2,9894128127,,2021-01-26
711,Jennifer,user711@email.com,69.0,179262.86,123,4714 Main St,2022-08-05
712,Jane,user712@email.com,73.0,72411.15,8636026872,,2020-05-01
713,Jennifer,user713@email.com,43.0,127584.17,1280712123,6643 Main St,2020-03-05
714,Michael,user714@email.com,21.0,49102.78,5099490144,2247 Main St,2023-08-04
715,David,user715@email.com,69.0,168106.56,5191035542,1340 Main St,2023-10-31
716,Robert,user716@email.com,46.0,78848.22,6756320845,7137 Main St,2021-08-16
717,Jane,user717@email.com,29.0,199304.07,,5128 Main St,2021-07-25
718,Michael,user718@email.com,54.0,69258.09,4935653390,6459 Main St,2023-06-29
719,Jennifer,user719@email.com,19.0,57170.15,2537057680,8601 Main St,2020-10-30
720,Sarah,user720@email.com,54.0,54389.07,8560634656,,2020-04-17
721,Emily,user721@email.com,42.0,34484.24,invalid,8383 Main St,2020-07-05
722,David,user722@email.com,20.0,195314.54,1525298144,7828 Main St,2020-11-05
723,John,user723@email.com,46.0,167076.01,3501401342,3254 Main St,2020-08-23
724,Lisa,user724@email.com,45.0,195205.6,1924153897,3610 Main St,2020-09-17
725,Robert,user725@email.com,24.0,96954.79,3028822107,9536 Main St,2022-09-16
726,Michael,user726@email.com,26.0,174719.03,4577193149,7983 Main St,2020-03-30
727,Sarah,user727@email.com,76.0,65371.72,6947236179,1058 Main St,2020-04-21
728,Jane,user728@email.com,51.0,117319.65,2820578464,2580 Main St,2020-08-25
729,Michael,user729@email.com,47.0,183957.15,6551862175,3907 Main St,2023-11-01
730,Michael,user730@email.com,38.0,197946.04,123,9682 Main St,2020-07-26
731,Robert,user731@email.com,51.0,152322.01,7168529628,1167 Main St,2020-10-22
732,Lisa,user732@email.com,44.0,69576.72,,4267 Main St,2020-07-08
733,James,user733@email.com,45.0,113886.3,5915829825,7406 Main St,2022-01-17
734,John,user734@email.com,22.0,98028.76,6583887803,3873 Main St,2021-01-22
735,David,user735@email.com,59.0,119767.6,4875106882,3394 Main St,2022-06-02
736,James,user736@email.com,30.0,100950.4,5214364898,,2020-05-03
737,Emily,user737@email.com,79.0,148101.74,8186190295,320 Main St,2023-06-13
738,James,user738@email.com,18.0,151798.91,9433560552,6927 Main St,2020-05-03
739,Lisa,user739@email.com,44.0,158878.03,3874072676,3061 Main St,2023-11-20
740,Sarah,user740@email.com,75.0,183440.8,invalid,8723 Main St,2023-11-11
741,,user741@email.com,54.0,189732.68,5859614014,5291 Main St,2023-10-24
742,John,user742@email.com,73.0,124171.06,9429354212,6518 Main St,2022-12-22
743,Jane,user743@email.com,80.0,155086.34,1578388070,6458 Main St,2021-06-21
744,Lisa,user744@email.com,58.0,,5589951331,3153 Main St,2020-10-27
745,David,user745@email.com,40.0,78435.86,7044425214,4465 Main St,2022-05-07
746,John,user746@email.com,58.0,61863.82,3641684532,8876 Main St,2020-05-11
747,Robert,user747@email.com,78.0,42533.01,7346730996,3597 Main St,2021-06-26
748,John,user748@email.com,44.0,,4613921864,4526 Main St,2021-07-26
749,Emily,user749@email.com,,198163.29,3757666622,9888 Main St,2022-11-30
750,James,user750@email.com,20.0,75450.81,8492904335,8748 Main St,2022-08-17
751,Lisa,user751@email.com,48.0,73412.24,9946522428,9948 Main St,2023-01-11
752,Emily,user752@email.com,64.0,190181.33,3994850875,,2023-04-09
753,Lisa,user753@email.com,25.0,36201.13,1274165571,4575 Main St,2023-06-16
754,Jennifer,user754@email.com,50.0,46613.28,3999077978,4180 Main St,2020-01-17
755,James,user755@email.com,61.0,154507.26,5379282747,7082 Main St,2022-08-23
756,John,user756@email.com,41.0,56029.84,7878508794,9616 Main St,2021-06-03
757,Jane,user757@email.com,25.0,42384.17,5421602110,1122 Main St,2023-01-29
758,Jane,user758@email.com,61.0,128174.53,7038678567,8971 Main St,2021-06-26
759,Lisa,user759@email.com,32.0,162745.43,1885715448,7812 Main St,2022-11-12
760,,user760@email.com,48.0,58353.72,1696806102,2346 Main St,2022-08-19
761,Jane,user761@email.com,45.0,78845.11,2325293796,6593 Main St,2020-04-09
762,David,user762@email.com,22.0,129306.12,3601218823,4415 Main St,2022-08-21
763,Sarah,user763@email.com,36.0,113936.27,1235986746,,2020-04-28
764,John,user764@email.com,-1.0,190311.7,7128197806,8504 Main St,2021-08-30
765,Lisa,user765@email.com,43.0,83488.07,5563771047,2163 Main St,2021-10-08
766,David,user766@email.com,48.0,65201.02,6988725074,9334 Main St,2020-03-10
767,James,user767@email.com,37.0,31381.68,4866439914,8887 Main St,2021-11-07
768,James,user768@email.com,22.0,100613.75,8526057459,4719 Main St,2020-08-28
769,Emily,user769@email.com,80.0,146311.33,7040288414,133 Main St,2023-11-10
770,Jennifer,user770@email.com,27.0,99164.87,3653993187,9340 Main St,2021-08-20
771,Michael,user771@email.com,20.0,30455.96,,9526 Main St,2023-02-03
772,Robert,user772@email.com,63.0,148190.72,6082526581,764 Main St,2023-08-24
773,Jennifer,user773@email.com,58.0,112184.82,2730225557,3450 Main St,2021-10-27
774,Lisa,,36.0,119605.25,7617584090,9564 Main St,2023-05-06
775,Sarah,user775@email.com,50.0,57308.56,8454028545,3434 Main St,2020-04-20
776,Robert,user776@email.com,43.0,88625.41,9254946449,8508 Main St,2022-08-07
777,Lisa,user777@email.com,33.0,92720.92,2084555073,3358 Main St,2023-01-19
778,Jennifer,user778@email.com,25.0,139479.18,2142638346,8475 Main St,2022-06-03
779,David,user779@email.com,54.0,56754.4,,949 Main St,2021-02-22
780,Michael,user780@email.com,64.0,171469.72,2829099158,5418 Main St,2023-11-15
781,John,user781@email.com,39.0,40154.86,4050175213,4408 Main St,2020-07-23
782,David,user782@email.com,51.0,120061.96,3836150625,383 Main St,2022-07-01
783,Robert,user783@email.com,31.0,84276.65,2989937478,5220 Main St,2020-11-09
784,Michael,user784@email.com,19.0,123094.53,6485942834,189 Main St,2022-06-11
785,Lisa,,78.0,143795.26,7585926852,2462 Main St,2021-03-13
786,Michael,user786@email.com,58.0,134477.88,5864796878,9781 Main St,2022-03-18
787,Michael,user787@email.com,31.0,112031.86,1547089052,2052 Main St,2023-03-03
788,Michael,user788@email.com,58.0,46684.1,3827095354,124 Main St,2020-06-26
789,Michael,user789@email.com,67.0,45259.51,2363113481,3258 Main St,2021-04-13
790,,user790@email.com,40.0,-1000.0,5245216423,2327 Main St,2021-03-01
791,Michael,user791@email.com,23.0,186717.27,3282777751,2777 Main St,2021-08-21
792,Jennifer,user792@email.com,38.0,168321.0,5928815308,9981 Main St,2020-10-28
793,Lisa,user793@email.com,27.0,130437.54,1914069523,,2022-03-08
794,James,user794@email.com,80.0,72608.29,5244877928,3416 Main St,2023-10-29
795,Emily,user795@email.com,25.0,32769.91,6627792099,,2022-02-15
796,,user796@email.com,73.0,147480.24,4354862379,,2020-09-17
797,David,user797@email.com,-1.0,145660.52,123,1823 Main St,2021-10-09
798,,user798@email.com,61.0,93745.43,5443755480,5789 Main St,2022-10-16
799,Jennifer,user799@email.com,71.0,158112.01,2216883657,4146 Main St,2022-02-05
800,David,user800@email.com,79.0,124135.83,3523350928,,2022-11-06
801,Emily,user801@email.com,76.0,160052.45,4836916932,5565 Main St,2022-09-14
802,James,user802@email.com,77.0,110091.38,6467450531,9418 Main St,2021-12-10
803,Jennifer,user803@email.com,60.0,157626.3,9028944493,6528 Main St,2023-02-13
804,Sarah,user804@email.com,71.0,34172.33,1077698152,8889 Main St,2022-09-21
805,Emily,user805@email.com,66.0,,2050906745,6743 Main St,2022-06-08
806,David,user806@email.com,44.0,115198.16,1913826014,,2020-08-15
807,Sarah,user807@email.com,46.0,66820.24,1440017712,2997 Main St,2020-02-10
808,Michael,user808@email.com,47.0,74173.88,invalid,6195 Main St,2020-01-15
809,Jennifer,user809@email.com,72.0,174911.47,5789646831,6847 Main St,2020-01-08
810,Emily,user810@email.com,47.0,87037.58,5292548364,3096 Main St,2021-11-30
811,Jennifer,user811@email.com,80.0,128576.5,3874401176,6696 Main St,2022-06-19
812,David,user812@email.com,37.0,30094.34,3763598526,9012 Main St,2023-03-29
813,Sarah,user813@email.com,41.0,163938.42,6844046831,2716 Main St,2022-10-18
814,Robert,user814@email.com,28.0,159271.6,2109634624,646 Main St,2020-10-17
815,Jane,user815@email.com,50.0,137875.78,4881190534,9559 Main St,2022-09-27
816,James,user816@email.com,26.0,148210.62,3218199314,8343 Main St,2020-01-15
817,Robert,user817@email.com,53.0,112964.66,,9526 Main St,2020-02-17
818,Robert,user818@email.com,20.0,197799.4,3006597776,3397 Main St,2020-04-12
819,Michael,user819@email.com,66.0,167716.19,3378069910,5446 Main St,2023-10-30
820,James,user820@email.com,51.0,132924.88,4872274276,4743 Main St,2023-10-01
821,Robert,,72.0,186899.99,8815439185,5925 Main St,2023-08-09
822,James,user822@email.com,62.0,159243.51,7671592318,,2020-09-20
823,John,user823@email.com,76.0,130036.89,3257121219,,2022-04-24
824,John,user824@email.com,80.0,182024.38,1881283813,6751 Main St,2022-10-28
825,Jane,user825@email.com,62.0,37687.84,8468129686,8298 Main St,2022-02-22
826,John,user826@email.com,74.0,53851.97,8704031002,5061 Main St,2021-01-09
827,Emily,user827@email.com,59.0,110797.6,9210591753,7212 Main St,2022-03-27
828,John,,58.0,34083.12,4083428711,1569 Main St,2022-07-08
829,Jane,user829@email.com,22.0,190082.96,9570958183,8481 Main St,2020-05-17
830,Lisa,user830@email.com,72.0,55970.07,2292873656,309 Main St,2022-10-24
831,John,user831@email.com,50.0,178162.39,5819308564,,2023-03-20
832,James,,20.0,160040.95,6453572801,9454 Main St,2020-12-25
833,Jane,user833@email.com,34.0,140960.21,3717101205,5208 Main St,2020-12-27
834,,user834@email.com,70.0,186459.17,3526318017,7405 Main St,2020-11-03
835,John,user835@email.com,21.0,102203.27,2218677806,2256 Main St,2022-12-15
836,,user836@email.com,24.0,30527.79,,2000 Main St,2023-09-29
837,Emily,user837@email.com,18.0,68381.0,1373391207,7275 Main St,2021-04-23
838,Lisa,user838@email.com,56.0,77657.15,9780667378,1993 Main St,2020-11-28
839,,user839@email.com,-1.0,141857.16,7318779432,2675 Main St,2021-10-18
840,Sarah,user840@email.com,35.0,92552.13,8570717665,6744 Main St,2022-04-20
841,Sarah,user841@email.com,46.0,70834.79,9169625826,9435 Main St,2022-09-10
842,James,user842@email.com,25.0,116788.54,7083560462,7189 Main St,2023-03-04
843,Emily,user843@email.com,41.0,179873.3,6687330985,7535 Main St,2021-02-04
844,Lisa,user844@email.com,29.0,70393.04,5737169648,3510 Main St,2021-06-12
845,Robert,user845@email.com,28.0,173779.66,4090487036,104 Main St,2021-04-23
846,Jane,user846@email.com,67.0,128419.34,7111744504,195 Main St,2023-04-11
847,Robert,user847@email.com,62.0,136678.08,,536 Main St,2020-02-21
848,Michael,user848@email.com,31.0,59871.0,4118638294,3316 Main St,2021-11-22
849,Lisa,user849@email.com,74.0,50033.07,8316224716,,2020-09-06
850,Jennifer,user850@email.com,33.0,158951.13,9038033808,6667 Main St,2020-08-30
851,Lisa,user851@email.com,67.0,84363.27,1553827876,4551 Main St,2022-03-24
852,Jennifer,user852@email.com,25.0,31564.25,8574824197,5380 Main St,2020-04-09
853,Sarah,user853@email.com,74.0,177728.38,2938685669,8034 Main St,2021-07-31
854,Jennifer,user854@email.com,62.0,199855.76,9659297330,1909 Main St,2022-03-07
855,,user855@email.com,23.0,140081.89,9139923316,4089 Main St,2022-03-13
856,Sarah,,67.0,50005.67,1036450081,4007 Main St,2022-05-25
857,Emily,user857@email.com,20.0,191648.88,3764805141,7253 Main St,2022-12-09
858,James,user858@email.com,45.0,147622.76,2492060804,3006 Main St,2020-11-05
859,David,user859@email.com,66.0,93990.18,6204054511,,2021-04-17
860,David,user860@email.com,19.0,191761.31,9107929394,2011 Main St,2020-03-01
861,Sarah,user861@email.com,24.0,171232.77,7885894828,5641 Main St,2020-06-27
862,David,user862@email.com,72.0,-1000.0,8588324985,2382 Main St,2020-07-28
863,Michael,user863@email.com,57.0,109674.45,3444575269,3144 Main St,2020-06-13
864,Lisa,user864@email.com,60.0,,5848682263,1307 Main St,2021-05-10
865,Jane,user865@email.com,26.0,78409.52,2807715355,1500 Main St,2020-04-12
866,Robert,user866@email.com,59.0,105796.4,8327146976,8026 Main St,2020-11-20
867,James,user867@email.com,19.0,123931.87,1775472819,7005 Main St,2020-04-06
868,Robert,user868@email.com,34.0,183182.38,6536556326,3498 Main St,2021-08-23
869,Lisa,user869@email.com,68.0,67325.23,2723500709,5798 Main St,2020-09-20
870,John,user870@email.com,35.0,182292.87,3125792687,1264 Main St,2020-08-09
871,Michael,user871@email.com,75.0,41735.15,5132168563,4584 Main St,2020-09-07
872,Robert,user872@email.com,34.0,172534.4,9445416630,924 Main St,2022-09-21
873,Emily,user873@email.com,27.0,109785.74,6679294353,8876 Main St,2023-01-01
874,Emily,user874@email.com,28.0,160334.85,2731522876,,2022-06-26
875,James,user875@email.com,47.0,185253.9,9241617432,4261 Main St,2020-07-22
876,Emily,user876@email.com,70.0,34938.33,8326153727,9600 Main St,2022-02-20
877,John,user877@email.com,62.0,115511.71,7086887809,9172 Main St,2020-11-12
878,David,user878@email.com,32.0,154283.01,5183163186,7226 Main St,2020-06-25
879,David,user879@email.com,78.0,133247.02,8639643728,513 Main St,2021-08-11
880,Robert,user880@email.com,41.0,31477.57,5740574142,1307 Main St,2022-12-16
881,Michael,user881@email.com,59.0,145240.4,123,5497 Main St,2022-06-27
882,Lisa,user882@email.com,18.0,148286.12,1446937885,7293 Main St,2021-12-16
883,Lisa,user883@email.com,74.0,97180.22,3446739783,5350 Main St,2021-01-12
884,Jane,user884@email.com,49.0,156539.63,5681829688,9509 Main St,2022-02-26
885,David,user885@email.com,76.0,179105.77,9156736084,4802 Main St,2021-02-19
886,Sarah,user886@email.com,25.0,160109.92,7739502738,8201 Main St,2022-07-13
887,Jane,,20.0,139016.34,6614204461,365 Main St,2021-12-29
888,Jane,user888@email.com,65.0,58294.61,1410423621,1169 Main St,2022-06-17
889,David,user889@email.com,48.0,146971.23,1065336278,2380 Main St,2021-03-07
890,Michael,user890@email.com,65.0,77010.14,7075498981,9446 Main St,2023-09-22
891,Robert,user891@email.com,65.0,35462.44,8296008563,,2022-07-05
892,,user892@email.com,-1.0,126181.55,5056639064,3842 Main St,2023-09-10
893,Michael,user893@email.com,73.0,144895.23,9853533774,6970 Main St,2020-03-11
894,David,user894@email.com,31.0,141438.59,4416614175,1373 Main St,2022-07-14
895,David,user895@email.com,71.0,131080.42,2643976067,623 Main St,2021-08-19
896,Emily,user896@email.com,52.0,112704.08,1250671221,5732 Main St,2021-09-07
897,Jane,,49.0,66488.12,1894898242,5040 Main St,2023-05-14
898,James,,65.0,195868.33,4864880529,252 Main St,2020-10-28
899,Michael,user899@email.com,59.0,142630.57,1271060957,3283 Main St,2023-01-09
900,Jennifer,user900@email.com,61.0,102557.1,7954804166,6425 Main St,2020-09-01
901,Robert,,66.0,-1000.0,1005253189,5156 Main St,2023-03-19
902,David,user902@email.com,65.0,191625.37,8037375861,3085 Main St,2020-04-08
903,Jennifer,user903@email.com,75.0,99604.23,4286269927,1334 Main St,2021-07-29
904,James,user904@email.com,19.0,70923.14,7122333726,6759 Main St,2023-05-19
905,James,user905@email.com,45.0,72063.13,6384342885,9035 Main St,2023-01-13
906,Jane,user906@email.com,76.0,84098.36,7106817214,5236 Main St,2021-07-25
907,Jennifer,user907@email.com,79.0,176280.5,2100206888,3942 Main St,2022-05-01
908,Sarah,user908@email.com,54.0,138157.25,3285874535,2870 Main St,2020-03-07
909,James,user909@email.com,64.0,125663.15,2521922633,,2020-06-22
910,John,user910@email.com,46.0,188512.54,2958292921,5800 Main St,2020-10-05
911,James,user911@email.com,54.0,-1000.0,8300035046,6002 Main St,2022-05-05
912,Emily,user912@email.com,27.0,141235.16,6062323380,2955 Main St,2022-08-05
913,David,user913@email.com,37.0,119761.8,8448896022,7483 Main St,2021-07-05
914,Robert,user914@email.com,30.0,35451.12,1087256690,3159 Main St,2021-07-24
915,Lisa,user915@email.com,67.0,199665.42,3619765610,202 Main St,2023-07-13
916,John,user916@email.com,46.0,,4443897917,,2020-11-24
917,Jennifer,user917@email.com,57.0,56035.69,4778968740,4992 Main St,2022-01-17
918,James,user918@email.com,61.0,125191.57,3713351002,1048 Main St,2022-06-02
919,Emily,user919@email.com,31.0,168068.32,8337177637,5026 Main St,2022-05-19
920,James,user920@email.com,67.0,35984.86,6076440545,2196 Main St,2020-09-21
921,Jane,user921@email.com,74.0,163707.58,7913337522,3088 Main St,2021-10-09
922,Jennifer,user922@email.com,52.0,65956.05,7336776641,2297 Main St,2021-02-24
923,Jane,user923@email.com,22.0,45089.06,7440874219,4379 Main St,2023-03-14
924,Michael,user924@email.com,64.0,199709.21,,6513 Main St,2021-11-03
925,Jane,user925@email.com,65.0,-1000.0,1122496292,2477 Main St,2023-06-06
926,Robert,user926@email.com,64.0,100281.85,6732620041,,2020-07-09
927,Emily,user927@email.com,47.0,50492.83,1319080301,4649 Main St,invalid-date
928,Sarah,user928@email.com,43.0,107433.43,1945963349,5987 Main St,2023-02-21
929,Sarah,user929@email.com,38.0,165541.82,5873545822,5422 Main St,2021-03-28
930,David,user930@email.com,78.0,188528.61,7972389045,2510 Main St,2023-07-30
931,Michael,,30.0,72586.72,8597777553,,2021-10-16
932,Lisa,user932@email.com,76.0,74132.85,1067842548,7348 Main St,2020-05-10
933,Robert,user933@email.com,18.0,94608.74,9165468846,,invalid-date
934,Jane,user934@email.com,28.0,106127.8,7352623798,8796 Main St,2020-11-14
935,,user935@email.com,60.0,38948.04,4673298100,9713 Main St,2020-06-28
936,David,user936@email.com,46.0,82223.1,123,1044 Main St,2022-06-10
937,Lisa,user937@email.com,61.0,144008.86,6079269032,4399 Main St,2023-09-13
938,Robert,user938@email.com,19.0,117155.12,9500274428,5728 Main St,2022-02-01
939,Michael,user939@email.com,50.0,146060.97,4030533923,8136 Main St,2023-12-10
940,Jane,user940@email.com,65.0,31531.48,1901236529,121 Main St,2023-03-02
941,,user941@email.com,32.0,173274.63,1639714916,3402 Main St,2023-04-05
942,David,user942@email.com,80.0,119545.52,1727888651,7485 Main St,2021-08-30
943,David,user943@email.com,40.0,58248.44,7536817776,,2023-07-20
944,Jane,,49.0,63091.08,1044517567,9003 Main St,2022-09-07
945,Jennifer,user945@email.com,62.0,148750.64,3497083031,3042 Main St,2021-02-26
946,,user946@email.com,49.0,176680.8,4061558199,3008 Main St,2021-06-25
947,Sarah,user947@email.com,70.0,63292.89,7934376942,2617 Main St,2022-06-26
948,James,user948@email.com,20.0,185427.87,1537571094,1573 Main St,2021-06-20
949,Jane,user949@email.com,30.0,73802.22,5478684232,9945 Main St,2023-09-01
950,James,user950@email.com,44.0,55776.74,7138348633,9908 Main St,2021-02-07
951,,user951@email.com,52.0,110283.44,8058909095,8650 Main St,2020-08-10
952,John,user952@email.com,63.0,132347.02,2274321701,4375 Main St,2021-02-06
953,John,user953@email.com,25.0,193877.38,6268705297,3784 Main St,2023-11-21
954,Sarah,user954@email.com,50.0,103807.28,2415866489,5112 Main St,2021-11-23
955,,user955@email.com,68.0,,7841104007,1884 Main St,2022-10-04
956,Sarah,user956@email.com,42.0,79943.07,2863312192,7580 Main St,2022-07-27
957,Jane,user957@email.com,78.0,135292.03,7837998698,8972 Main St,2022-03-03
958,David,user958@email.com,46.0,195737.16,4176126391,6772 Main St,2020-09-03
959,John,user959@email.com,28.0,117321.84,invalid,6841 Main St,2023-01-30
960,Robert,user960@email.com,49.0,40896.0,8639390254,3858 Main St,2022-08-02
961,Robert,user961@email.com,51.0,42378.17,4442247807,1340 Main St,2020-11-08
962,James,user962@email.com,63.0,175013.94,1465316751,6971 Main St,2022-02-22
963,Sarah,user963@email.com,18.0,170993.67,2981363284,8612 Main St,2023-09-21
964,,user964@email.com,72.0,184576.63,8527402111,6460 Main St,2020-04-29
965,Jane,user965@email.com,49.0,42433.82,9802673840,9776 Main St,2021-06-25
966,,user966@email.com,34.0,42855.04,9639962267,5724 Main St,2023-11-06
967,Emily,user967@email.com,80.0,107539.14,6907781748,6240 Main St,2020-09-13
968,David,user968@email.com,63.0,179694.72,4215761898,7595 Main St,2021-04-17
969,James,user969@email.com,61.0,138445.91,5659094484,3613 Main St,2021-09-17
970,Jennifer,user970@email.com,76.0,85776.21,4697632152,4630 Main St,2022-12-31
971,Michael,user971@email.com,68.0,53833.71,3504547160,5628 Main St,2021-12-13
972,Lisa,user972@email.com,26.0,99666.51,1459382970,9078 Main St,2021-05-26
973,Sarah,user973@email.com,32.0,109279.44,8724900174,9140 Main St,invalid-date
974,James,user974@email.com,50.0,119682.54,8609524018,8603 Main St,2022-11-01
975,Robert,user975@email.com,25.0,88052.08,5677017242,,2022-11-13
976,Jane,user976@email.com,76.0,149702.2,8740435110,5315 Main St,2022-09-22
977,,user977@email.com,60.0,60182.93,8687126442,9108 Main St,2023-12-23
978,John,user978@email.com,22.0,127455.91,5020694396,7955 Main St,2021-08-04
979,Michael,user979@email.com,77.0,198510.26,8665327020,5424 Main St,2021-05-18
980,Jennifer,,,50985.92,8587092303,3681 Main St,2021-11-08
981,Jane,,61.0,187493.88,7070470411,5206 Main St,2022-02-26
982,Robert,user982@email.com,50.0,79054.56,4522526642,4858 Main St,2020-03-27
983,James,user983@email.com,25.0,198290.74,6330259709,8252 Main St,2020-05-16
984,Emily,user984@email.com,69.0,112287.75,7487525197,9432 Main St,2020-02-21
985,John,user985@email.com,72.0,86866.17,4378641738,2427 Main St,2022-09-15
986,Robert,user986@email.com,19.0,44693.15,6442131443,3742 Main St,2021-02-28
987,Jane,user987@email.com,67.0,163330.1,4588977818,9138 Main St,2020-12-31
988,John,user988@email.com,42.0,151367.28,4534020206,3439 Main St,2020-08-09
989,Emily,user989@email.com,22.0,-1000.0,3378235736,457 Main St,2020-03-31
990,James,user990@email.com,53.0,35146.9,6732578519,1679 Main St,2020-07-05
991,Jennifer,user991@email.com,65.0,84626.42,2446744343,6847 Main St,2020-11-23
992,David,user992@email.com,73.0,162220.73,7484337864,531 Main St,2023-07-12
993,Jane,user993@email.com,58.0,193115.38,,232 Main St,2023-08-18
994,Lisa,user994@email.com,58.0,136842.78,1628917092,9423 Main St,2022-12-01
995,Lisa,user995@email.com,80.0,94716.76,9571142208,9747 Main St,2020-01-13
996,Robert,user996@email.com,72.0,185900.68,invalid,8489 Main St,2023-08-30
997,,,49.0,31745.78,2754464753,2336 Main St,2020-12-07
998,James,user998@email.com,49.0,191096.81,7544040853,9150 Main St,2022-11-14
999,,user999@email.com,64.0,182335.9,1030583574,4071 Main St,2023-09-30
1000,Emily,user1000@email.com,21.0,178296.91,2274736657,2739 Main St,2021-07-22
1,Robert,user1@email.com,65.0,40247.02,4122602446,5529 Main St,2021-05-28
2,Sarah,user2@email.com,35.0,154187.92,4131218888,2072 Main St,2022-03-04
3,Robert,user3@email.com,37.0,112462.57,5641801431,,2022-01-24
4,Jane,user4@email.com,31.0,182410.14,2931944237,825 Main St,2022-05-23
5,Michael,user5@email.com,24.0,48440.07,4921367210,6175 Main St,2021-11-30
6,Robert,user6@email.com,20.0,,5303086934,4328 Main St,2020-05-12
7,Jane,user7@email.com,35.0,79076.41,7975779923,5804 Main St,2021-06-13
8,Emily,user8@email.com,78.0,104181.12,2733876654,4368 Main St,2021-07-16
9,John,user9@email.com,53.0,130011.1,8223191107,8347 Main St,2023-03-05
10,David,user10@email.com,38.0,91366.0,6411448966,7969 Main St,2022-10-13
11,Jane,user11@email.com,24.0,107045.38,2810450961,8842 Main St,2021-10-10
12,Michael,user12@email.com,75.0,79464.05,4194301579,8251 Main St,2021-02-08
13,David,user13@email.com,43.0,,9341498087,,2023-01-26
14,David,user14@email.com,73.0,103367.19,1863674700,1737 Main St,2021-06-29
15,James,user15@email.com,59.0,56853.3,6223912609,7763 Main St,2021-03-16
16,Lisa,user16@email.com,32.0,96310.41,6716185172,3250 Main St,2021-02-26
17,,user17@email.com,58.0,39244.46,4648740453,,2022-11-10
18,Jane,user18@email.com,30.0,94596.81,4449914259,1353 Main St,2023-02-15
19,Michael,user19@email.com,43.0,129416.62,4202479082,2573 Main St,2020-11-18
20,Emily,user20@email.com,25.0,199775.2,6830701923,8008 Main St,2023-01-26
21,Sarah,user21@email.com,60.0,71850.72,9352555942,3232 Main St,2022-09-01
22,John,user22@email.com,22.0,173318.48,6896745804,4993 Main St,2022-01-14
23,James,user23@email.com,47.0,100895.25,1900677142,605 Main St,2020-03-15
24,John,user24@email.com,43.0,108358.4,2216810597,3241 Main St,2023-06-03
25,Lisa,user25@email.com,60.0,-1000.0,7378035612,8071 Main St,2023-02-08
26,David,user26@email.com,75.0,169832.48,7253588159,7797 Main St,2021-09-13
27,Michael,,63.0,63779.9,1688976113,9038 Main St,2021-05-07
28,James,user28@email.com,72.0,129181.99,2831809085,3875 Main St,2020-12-06
29,Jennifer,user29@email.com,54.0,89575.48,8834166302,4787 Main St,2023-11-24
30,John,user30@email.com,78.0,93485.12,1126457695,9542 Main St,2022-07-20
31,Robert,user31@email.com,56.0,128189.18,7063420439,1785 Main St,2020-01-21
32,Emily,user32@email.com,59.0,191911.05,7666055311,512 Main St,2021-08-30
33,Robert,user33@email.com,43.0,43984.65,6788346205,376 Main St,2022-05-11
34,John,user34@email.com,32.0,107263.33,3505201114,4336 Main St,2021-09-10
35,Jane,user35@email.com,41.0,192796.05,123,7345 Main St,2023-03-30
36,John,user36@email.com,31.0,183554.09,123,8604 Main St,2021-10-22
37,Jane,user37@email.com,49.0,165954.05,5969606376,7444 Main St,2020-04-07
38,John,user38@email.com,67.0,140042.3,8144441393,692 Main St,2021-12-22
39,Sarah,user39@email.com,34.0,86584.95,7504258274,9566 Main St,2023-10-22
40,Michael,user40@email.com,24.0,154393.06,5950426374,2757 Main St,2020-09-12
41,James,user41@email.com,24.0,95876.12,invalid,,2023-12-16
42,Sarah,user42@email.com,66.0,143758.22,5283801762,8196 Main St,2021-08-19
43,Robert,user43@email.com,38.0,91294.74,9438036227,8056 Main St,2021-11-17
44,Lisa,user44@email.com,54.0,102609.64,8556235406,9040 Main St,2022-05-19
45,Sarah,user45@email.com,45.0,77493.45,4888802657,9050 Main St,2023-04-09
46,Michael,user46@email.com,55.0,65745.1,4976233079,8307 Main St,2021-06-21
47,Lisa,user47@email.com,18.0,173379.21,8930040679,381 Main St,2021-10-26
48,Emily,user48@email.com,57.0,154961.19,invalid,3304 Main St,2020-07-17
49,John,user49@email.com,53.0,-1000.0,6525145297,6897 Main St,2021-06-24
50,Emily,user50@email.com,43.0,45405.28,5307791962,4871 Main St,2021-07-26
